29,"[29, 78["
34,"[29, 78["
35,"[29, 78["
37,"[29, 78["
38,"[29, 78["
39,"[29, 78["
40,"[29, 78["
41,"[29, 78["
42,"[29, 78["
43,"[29, 78["
44,"[29, 78["
45,"[29, 78["
46,"[29, 78["
47,"[29, 78["
48,"[29, 78["
49,"[29, 78["
50,"[29, 78["
51,"[29, 78["
52,"[29, 78["
53,"[29, 78["
54,"[29, 78["
55,"[29, 78["
56,"[29, 78["
57,"[29, 78["
58,"[29, 78["
59,"[29, 78["
60,"[29, 78["
61,"[29, 78["
62,"[29, 78["
63,"[29, 78["
64,"[29, 78["
65,"[29, 78["
66,"[29, 78["
67,"[29, 78["
68,"[29, 78["
69,"[29, 78["
70,"[29, 78["
71,"[29, 78["
74,"[29, 78["
76,"[29, 78["
77,"[29, 78["
